MapBase	File	Size	SHA256
KDAntiHenis	KDAntiHenis.shbd	524296	48a2c9dad7e7d69d7572b5ba7c09eaaa4385619543bb9de11a3bf382c987a412
KDAntiHenis	KDAntiHenis.shab	0	ABSENT
KDAntiHenis	KDAntiHenis.sbi	18700	eefca3d5ced41a244b605a5e9e35b57dfa68387794961ebafb5f916a136cec24
KDArena	KDArena.shbd	131080	333238e75bcdaeca730add2170aefdac2ad5e94751a48d8defa6c1370acdbe23
KDArena	KDArena.shab	131080	333238e75bcdaeca730add2170aefdac2ad5e94751a48d8defa6c1370acdbe23
KDArena	KDArena.sbi	0	ABSENT
KDEddyHill	KDEddyHill.shbd	524296	31b817200e8d705fa57f80c64f28e489a141e4ac64476f662044ae62eaa70b39
KDEddyHill	KDEddyHill.shab	0	ABSENT
KDEddyHill	KDEddyHill.sbi	18700	61ef33ad53cae4e3a498acd3730aa48efca79c13e8a44478c57862bb9aafed8b
KDEgg	KDEgg.shbd	2097160	6650960c32fcaeb6cc7848c82dce02178803d3029fed5e1da7871a948c120f40
KDEgg	KDEgg.shab	0	ABSENT
KDEgg	KDEgg.sbi	0	ABSENT
KDEnMaze	KDEnMaze.shbd	524296	b303603bd98f9a849f8b29f962efa75ae50e83c95b280dfe2ffaa2c289e1086d
KDEnMaze	KDEnMaze.shab	0	ABSENT
KDEnMaze	KDEnMaze.sbi	1228	b82347b03eb5bd6e7cfc59bc8a7265f8ad58c6f56ce8e2a54f0425e3c4168414
KDFargels	KDFargels.shbd	524296	dd51d6d12ca94184e1d3922879779fe6429c65f539287de71288aeea50aaf962
KDFargels	KDFargels.shab	0	ABSENT
KDFargels	KDFargels.sbi	62484	4e8c19a2c070d8a352901b393900cbac5618617da7a4cc1f464d696c58392f72
KDGoldHill	KDGoldHill.shbd	524296	966a700b01043cd49be6b3fa33e69075197b57096639e80612a1ac84508e75f4
KDGoldHill	KDGoldHill.shab	0	ABSENT
KDGoldHill	KDGoldHill.sbi	114564	c43d67cec309dd6c8a6fdd6772430006a3121e00282549388a92ab86a9899b29
KDGreenHill	KDGreenHill.shbd	524296	1b6f8311a7d6d56f2e43fb216222f07dcd21d586500b1ec8924127493f1ffef3
KDGreenHill	KDGreenHill.shab	0	ABSENT
KDGreenHill	KDGreenHill.sbi	2924	8486e82bf5ea740a1ea59d94dad0730cad5508cf97c33d93dc79427645483581
KDHBat1	KDHBat1.shbd	131080	507ceadbd0285e8617294f9ab31631302fcba8f2159369189bb32833afabee14
KDHBat1	KDHBat1.shab	131080	0d58bb240234f8920f2b61f5a2dd30b2da2c95a2bc10603ac6399455cb361032
KDHBat1	KDHBat1.sbi	0	ABSENT
KDHDragon	KDHDragon.shbd	524296	84da71b0a54566bbcb43674c12ab19b7d696ce483328f30944d984f74be06895
KDHDragon	KDHDragon.shab	0	ABSENT
KDHDragon	KDHDragon.sbi	0	ABSENT
KDHero	KDHero.shbd	131080	c358fdd3c22dfc79ef59e7e0cc983b3e907d5e04218c94cad7282e91f0170b39
KDHero	KDHero.shab	0	ABSENT
KDHero	KDHero.sbi	0	ABSENT
KDHoneying	KDHoneying.shbd	524296	31b817200e8d705fa57f80c64f28e489a141e4ac64476f662044ae62eaa70b39
KDHoneying	KDHoneying.shab	0	ABSENT
KDHoneying	KDHoneying.sbi	18700	61ef33ad53cae4e3a498acd3730aa48efca79c13e8a44478c57862bb9aafed8b
KDKingkong	KDKingkong.shbd	524296	35b286acdc8d8247a00bbe6409e813ce036ca4faa4414f3e04907b17b31611bd
KDKingkong	KDKingkong.shab	0	ABSENT
KDKingkong	KDKingkong.sbi	0	ABSENT
KDMDragon	KDMDragon.shbd	524296	69fb484075bb9eeea6d953e32d30095467c3925a47e18ceff813e0217ceffa73
KDMDragon	KDMDragon.shab	0	ABSENT
KDMDragon	KDMDragon.sbi	0	ABSENT
KDMine	KDMine.shbd	524296	51469cbcead67bb326427f2b314805b1492da1d5a163d037c9fdae4350894964
KDMine	KDMine.shab	0	ABSENT
KDMine	KDMine.sbi	0	ABSENT
KDPrtShip	KDPrtShip.shbd	2097160	3a394d660ef71567aad3545a6e159e19e4e787b0c15d8b7d791de8c55c108f45
KDPrtShip	KDPrtShip.shab	0	ABSENT
KDPrtShip	KDPrtShip.sbi	0	ABSENT
KDSoccer	KDSoccer.shbd	524296	6d33da1d9805cd695ddca6511dd4b54c7879501c6979c5a69d4766a1c13555e7
KDSoccer	KDSoccer.shab	0	ABSENT
KDSoccer	KDSoccer.sbi	1084	57068614d5c3999227f5df15494f200da86af3a402dbc29c5879504b68be9614
KDSoccer_W	KDSoccer_W.shbd	524296	793ac383a7d375729b6520a725863d88c7735fcac644dacfa2087bc20442d3fe
KDSoccer_W	KDSoccer_W.shab	0	ABSENT
KDSoccer_W	KDSoccer_W.sbi	1084	57068614d5c3999227f5df15494f200da86af3a402dbc29c5879504b68be9614
KDSpider	KDSpider.shbd	131080	c358fdd3c22dfc79ef59e7e0cc983b3e907d5e04218c94cad7282e91f0170b39
KDSpider	KDSpider.shab	0	ABSENT
KDSpider	KDSpider.sbi	0	ABSENT
KDSpring	KDSpring.shbd	131080	614be6b14e7b5cdca32143d8e57c5e5f0ce1fb26b3b6ed1c14dfd7a43cde3a3b
KDSpring	KDSpring.shab	0	ABSENT
KDSpring	KDSpring.sbi	1236	f8c3e95d23c47eb5c137e933305a1ab3f2f279a2afa28b98b443601f5aca45b7
KDUnHall	KDUnHall.shbd	131080	c358fdd3c22dfc79ef59e7e0cc983b3e907d5e04218c94cad7282e91f0170b39
KDUnHall	KDUnHall.shab	0	ABSENT
KDUnHall	KDUnHall.sbi	0	ABSENT
KDVictor	KDVictor.shbd	524296	935158bd6f88da7f83c9b5686966fc1f9f2fa3d75d1eb633c6fbc0d003108834
KDVictor	KDVictor.shab	0	ABSENT
KDVictor	KDVictor.sbi	4012	59b951564edc66039fe91c0babb31b85ad6891bfa1d59bf6411722b7bc94cd5b
KDWater	KDWater.shbd	524296	84281beb155c667cc7c57082626f0124ea22281558f02f6bc02dd3360d3db7ce
KDWater	KDWater.shab	524296	b2b5a5e4961356cf78e8c82a4d899ad43357beb1c3928e9b50c0536c70436fc1
KDWater	KDWater.sbi	2380	9692c389bad158bf07fedcd36af7678fd8a0238e67d198befc851232a4d416f0
